"id","venueId","startDate","startTime","description","entryType","entryAId","entryBId","entryAMembershipIds","entryBMembershipIds","winnerId","loserId","winnerMembershipIds","loserMembershipIds","scores","gameScores","eventId","eventName","drawId","drawName","winnerName","loserName","teamA","teamB","rubber"
"af7339b2-336c-496c-9f80-1551a8153df1|1-3#1","","2026-09-20","10:00 am","Quarterfinal #4","singles","9af43684-6c7b-4249-a329-d420620d7968|71ddf2b0-a1f4-45ce-ae77-204b5b223e5a","9af43684-6c7b-4249-a329-d420620d7968|69929","","fptm|69929","9af43684-6c7b-4249-a329-d420620d7968|71ddf2b0-a1f4-45ce-ae77-204b5b223e5a","9af43684-6c7b-4249-a329-d420620d7968|69929","","fptm|69929","8,7,-12,8","11-8,11-7,12-14,11-8","9af43684-6c7b-4249-a329-d420620d7968|division-3","Division 3 - Consolación","af7339b2-336c-496c-9f80-1551a8153df1","Llave Consolación","Pagan Diaz, Keilymar","Vazquez Colon, Abrihana","Los Proceres","Villalba Team??","1"
"af7339b2-336c-496c-9f80-1551a8153df1|1-3#4","","2026-09-20","10:00 am","Quarterfinal #4","singles","9af43684-6c7b-4249-a329-d420620d7968|71ddf2b0-a1f4-45ce-ae77-204b5b223e5a","9af43684-6c7b-4249-a329-d420620d7968|25860","","fptm|25860","9af43684-6c7b-4249-a329-d420620d7968|71ddf2b0-a1f4-45ce-ae77-204b5b223e5a","9af43684-6c7b-4249-a329-d420620d7968|25860","","fptm|25860","6,8,5","11-6,11-8,11-5","9af43684-6c7b-4249-a329-d420620d7968|division-3","Division 3 - Consolación","af7339b2-336c-496c-9f80-1551a8153df1","Llave Consolación","Pagan Diaz, Keilymar","Hernandez Torres, Jabniel","Los Proceres","Villalba Team??","4"
"af7339b2-336c-496c-9f80-1551a8153df1|3-0#1","","2026-09-19","05:00 pm","Final","singles","9af43684-6c7b-4249-a329-d420620d7968|56025","9af43684-6c7b-4249-a329-d420620d7968|71ddf2b0-a1f4-45ce-ae77-204b5b223e5a","fptm|56025","","9af43684-6c7b-4249-a329-d420620d7968|71ddf2b0-a1f4-45ce-ae77-204b5b223e5a","9af43684-6c7b-4249-a329-d420620d7968|56025","","fptm|56025","2,5,2","11-2,11-5,11-2","9af43684-6c7b-4249-a329-d420620d7968|division-3","Division 3 - Consolación","af7339b2-336c-496c-9f80-1551a8153df1","Llave Consolación","Pagan Diaz, Keilymar","Torres Montero, Hector","Los baby’s","Los Proceres","1"
"af7339b2-336c-496c-9f80-1551a8153df1|2-1#1","","2026-09-19","05:00 pm","Semifinal #2","singles","9af43684-6c7b-4249-a329-d420620d7968|36158","9af43684-6c7b-4249-a329-d420620d7968|71ddf2b0-a1f4-45ce-ae77-204b5b223e5a","fptm|36158","","9af43684-6c7b-4249-a329-d420620d7968|71ddf2b0-a1f4-45ce-ae77-204b5b223e5a","9af43684-6c7b-4249-a329-d420620d7968|36158","","fptm|36158","10,8,8","12-10,11-8,11-8","9af43684-6c7b-4249-a329-d420620d7968|division-3","Division 3 - Consolación","af7339b2-336c-496c-9f80-1551a8153df1","Llave Consolación","Pagan Diaz, Keilymar","Rodriguez Laboy, Santos","Ping y Pong 🏓","Los Proceres","1"
"af7339b2-336c-496c-9f80-1551a8153df1|2-1#4","","2026-09-19","05:00 pm","Semifinal #2","singles","9af43684-6c7b-4249-a329-d420620d7968|13248","9af43684-6c7b-4249-a329-d420620d7968|71ddf2b0-a1f4-45ce-ae77-204b5b223e5a","fptm|13248","","9af43684-6c7b-4249-a329-d420620d7968|71ddf2b0-a1f4-45ce-ae77-204b5b223e5a","9af43684-6c7b-4249-a329-d420620d7968|13248","","fptm|13248","9,8,12","11-9,11-8,14-12","9af43684-6c7b-4249-a329-d420620d7968|division-3","Division 3 - Consolación","af7339b2-336c-496c-9f80-1551a8153df1","Llave Consolación","Pagan Diaz, Keilymar","Roldan Richards, Adrian","Ping y Pong 🏓","Los Proceres","4"
"af7339b2-336c-496c-9f80-1551a8153df1|0-6#1","","2026-09-19","05:00 pm","Round of 16 #7","singles","9af43684-6c7b-4249-a329-d420620d7968|71ddf2b0-a1f4-45ce-ae77-204b5b223e5a","9af43684-6c7b-4249-a329-d420620d7968|67087","","fptm|67087","9af43684-6c7b-4249-a329-d420620d7968|71ddf2b0-a1f4-45ce-ae77-204b5b223e5a","9af43684-6c7b-4249-a329-d420620d7968|67087","","fptm|67087","12,-9,6,5","14-12,9-11,11-6,11-5","9af43684-6c7b-4249-a329-d420620d7968|division-3","Division 3 - Consolación","af7339b2-336c-496c-9f80-1551a8153df1","Llave Consolación","Pagan Diaz, Keilymar","Martinez Gonzalez, Sebastian Yael","Los Proceres","Los Bravos de Cridra","1"
"a7b00c3b-38aa-4bd0-bd0f-dc0034c295d7|0-0#1","","2026-09-19","04:30 pm","Round of 16 #1","singles","9af43684-6c7b-4249-a329-d420620d7968|38080","9af43684-6c7b-4249-a329-d420620d7968|5f4ce191-9685-4a73-bd6a-9a768cc0604a","fptm|38080","","9af43684-6c7b-4249-a329-d420620d7968|5f4ce191-9685-4a73-bd6a-9a768cc0604a","9af43684-6c7b-4249-a329-d420620d7968|38080","","fptm|38080","6,9,2","11-6,11-9,11-2","9af43684-6c7b-4249-a329-d420620d7968|division-3","Division 3","a7b00c3b-38aa-4bd0-bd0f-dc0034c295d7","Llave Principal","Arroyo Martinez, Kennuel","Ortiz Fargas, Emmanuel","Escuela del Deporte SJ","Los Arroyo","1"
"5acc1a8e-4e4f-4228-ab5f-fd847d7a3cc9|7-4#1","","2026-09-19","02:30 pm","Group 8 (C vs. D)","singles","9af43684-6c7b-4249-a329-d420620d7968|71ddf2b0-a1f4-45ce-ae77-204b5b223e5a","9af43684-6c7b-4249-a329-d420620d7968|84593","","fptm|84593","9af43684-6c7b-4249-a329-d420620d7968|71ddf2b0-a1f4-45ce-ae77-204b5b223e5a","9af43684-6c7b-4249-a329-d420620d7968|84593","","fptm|84593","8,8,8","11-8,11-8,11-8","9af43684-6c7b-4249-a329-d420620d7968|division-3","Division 3","5acc1a8e-4e4f-4228-ab5f-fd847d7a3cc9","Fase de Grupos","Pagan Diaz, Keilymar","Zayas Fernandez, Wildiangelis","Los Proceres","doble divas","1"
"5acc1a8e-4e4f-4228-ab5f-fd847d7a3cc9|7-3#1","","2026-09-19","10:30 am","Group 8 (B vs. C)","singles","9af43684-6c7b-4249-a329-d420620d7968|42493","9af43684-6c7b-4249-a329-d420620d7968|71ddf2b0-a1f4-45ce-ae77-204b5b223e5a","fptm|42493","","9af43684-6c7b-4249-a329-d420620d7968|71ddf2b0-a1f4-45ce-ae77-204b5b223e5a","9af43684-6c7b-4249-a329-d420620d7968|42493","","fptm|42493","10,-6,8,11","12-10,6-11,11-8,13-11","9af43684-6c7b-4249-a329-d420620d7968|division-3","Division 3","5acc1a8e-4e4f-4228-ab5f-fd847d7a3cc9","Fase de Grupos","Pagan Diaz, Keilymar","Mateo De Jesus, Jeyliaris","2 Raquetas, 1 Problema","Los Proceres","1"
"5acc1a8e-4e4f-4228-ab5f-fd847d7a3cc9|1-3#1","","2026-09-19","10:30 am","Group 2 (B vs. C)","singles","9af43684-6c7b-4249-a329-d420620d7968|65461","9af43684-6c7b-4249-a329-d420620d7968|5f4ce191-9685-4a73-bd6a-9a768cc0604a","fptm|65461","","9af43684-6c7b-4249-a329-d420620d7968|5f4ce191-9685-4a73-bd6a-9a768cc0604a","9af43684-6c7b-4249-a329-d420620d7968|65461","","fptm|65461","3,4,5","11-3,11-4,11-5","9af43684-6c7b-4249-a329-d420620d7968|division-3","Division 3","5acc1a8e-4e4f-4228-ab5f-fd847d7a3cc9","Fase de Grupos","Arroyo Martinez, Kennuel","Rios Camacho, Samuel","Puntos Largos SS","Los Arroyo","1"
"5acc1a8e-4e4f-4228-ab5f-fd847d7a3cc9|1-3#5","","2026-09-19","10:30 am","Group 2 (B vs. C)","singles","9af43684-6c7b-4249-a329-d420620d7968|34957","9af43684-6c7b-4249-a329-d420620d7968|5f4ce191-9685-4a73-bd6a-9a768cc0604a","fptm|34957","","9af43684-6c7b-4249-a329-d420620d7968|5f4ce191-9685-4a73-bd6a-9a768cc0604a","9af43684-6c7b-4249-a329-d420620d7968|34957","","fptm|34957","6,7,4","11-6,11-7,11-4","9af43684-6c7b-4249-a329-d420620d7968|division-3","Division 3","5acc1a8e-4e4f-4228-ab5f-fd847d7a3cc9","Fase de Grupos","Arroyo Martinez, Kennuel","Matos Rivera, Sol","Puntos Largos SS","Los Arroyo","5"
"5acc1a8e-4e4f-4228-ab5f-fd847d7a3cc9|7-0#1","","2026-09-19","09:00 am","Group 8 (A vs. C)","singles","9af43684-6c7b-4249-a329-d420620d7968|60432","9af43684-6c7b-4249-a329-d420620d7968|71ddf2b0-a1f4-45ce-ae77-204b5b223e5a","fptm|60432","","9af43684-6c7b-4249-a329-d420620d7968|60432","9af43684-6c7b-4249-a329-d420620d7968|71ddf2b0-a1f4-45ce-ae77-204b5b223e5a","fptm|60432","","13,4,6","15-13,11-4,11-6","9af43684-6c7b-4249-a329-d420620d7968|division-3","Division 3","5acc1a8e-4e4f-4228-ab5f-fd847d7a3cc9","Fase de Grupos","Gomez Quiroz, Gabriel","Pagan Diaz, Keilymar","Gabriel Gomez Quiroz / Elio Nunez Mercado","Los Proceres","1"
"5acc1a8e-4e4f-4228-ab5f-fd847d7a3cc9|1-0#1","","2026-09-19","09:00 am","Group 2 (A vs. C)","singles","9af43684-6c7b-4249-a329-d420620d7968|66985","9af43684-6c7b-4249-a329-d420620d7968|5f4ce191-9685-4a73-bd6a-9a768cc0604a","fptm|66985","","9af43684-6c7b-4249-a329-d420620d7968|5f4ce191-9685-4a73-bd6a-9a768cc0604a","9af43684-6c7b-4249-a329-d420620d7968|66985","","fptm|66985","6,8,10","11-6,11-8,12-10","9af43684-6c7b-4249-a329-d420620d7968|division-3","Division 3","5acc1a8e-4e4f-4228-ab5f-fd847d7a3cc9","Fase de Grupos","Arroyo Martinez, Kennuel","Lozada Vega, Joanel","Joanel Lozada Vega / Ivan Miranda Tirado","Los Arroyo","1"
"5acc1a8e-4e4f-4228-ab5f-fd847d7a3cc9|1-0#4","","2026-09-19","09:00 am","Group 2 (A vs. C)","singles","9af43684-6c7b-4249-a329-d420620d7968|41571","9af43684-6c7b-4249-a329-d420620d7968|5f4ce191-9685-4a73-bd6a-9a768cc0604a","fptm|41571","","9af43684-6c7b-4249-a329-d420620d7968|5f4ce191-9685-4a73-bd6a-9a768cc0604a","9af43684-6c7b-4249-a329-d420620d7968|41571","","fptm|41571","6,6,-7,8","11-6,11-6,7-11,11-8","9af43684-6c7b-4249-a329-d420620d7968|division-3","Division 3","5acc1a8e-4e4f-4228-ab5f-fd847d7a3cc9","Fase de Grupos","Arroyo Martinez, Kennuel","Miranda Tirado, Ivan","Joanel Lozada Vega / Ivan Miranda Tirado","Los Arroyo","4"
